trading_day,open,prior_close,prior_day_high,prior_day_low,prior_day_vpoc,open_bucket,onh,onl,onmid,on_vpoc,day_high,day_low,day_close,day_vpoc,ibh,ibl,post_ib_high,post_ib_low,hit_on_vpoc,hit_prior_day_vpoc,hit_onl,hit_onmid,hit_onh,hit_prior_day_high,hit_prior_day_low,post_ib_exceed_ibh,post_ib_exceed_ibl,post_ib_exceed_upper_1p5,post_ib_exceed_lower_1p5,gap_pct,gap_filled,gap_size_bucket
2022-05-12,4213.25,,,,,incomplete,,,,,4258.0,4151.25,4206.25,4224.0,,,4258.0,4151.25,,,,,,,,,,,,,,
2022-05-13,4267.0,4206.25,4258.0,4151.25,4224.0,above_prior_range,4284.25,4211.75,4248.0,4267.0,4332.25,4255.75,4310.25,4316.5,4315.25,4255.75,4332.25,4272.0,True,False,False,False,True,True,False,True,False,False,False,1.4442793462109955,False,gap_1_to_2_pct
2022-05-16,4299.5,,,,,incomplete,4338.25,4278.0,4308.125,4302.0,4339.75,4275.75,4296.5,4302.75,4318.25,4275.75,4339.75,4279.75,True,,True,True,True,,,True,False,False,False,,,
2022-05-17,4365.75,4296.5,4339.75,4275.75,4302.75,above_prior_range,4380.0,4296.75,4338.375,4363.0,4387.75,4326.0,4386.75,4382.5,4366.25,4341.25,4387.75,4326.0,True,False,False,True,True,True,False,True,True,False,False,1.6117770278133363,False,gap_1_to_2_pct
2022-05-18,4334.5,4386.75,4387.75,4326.0,4382.5,inside_gap_down,4391.25,4331.25,4361.25,4333.75,4337.75,4201.75,4210.25,4220.0,4337.75,4303.75,4311.0,4201.75,True,False,True,False,False,False,True,False,True,False,True,1.191086795463612,False,gap_1_to_2_pct
2022-05-19,4184.5,4210.25,4337.75,4201.75,4220.0,below_prior_range,4229.5,4152.25,4190.875,4183.0,4239.75,4170.25,4194.5,4193.25,4218.25,4170.25,4239.75,4177.5,True,True,False,True,True,False,True,True,False,False,False,0.6116026364230153,True,gap_0p5_to_1_pct
2022-05-20,4231.75,4194.5,4239.75,4170.25,4193.25,inside_gap_up,4245.75,4194.5,4220.125,4231.75,4237.25,4103.75,4198.25,4194.5,4237.25,4197.25,4210.25,4103.75,True,True,True,True,False,False,True,False,True,False,True,0.8880677077124807,True,gap_0p5_to_1_pct
2022-05-23,4227.25,,,,,incomplete,4251.75,4206.5,4229.125,4231.25,4278.5,4202.75,4274.25,4268.25,4243.25,4202.75,4278.5,4226.25,True,,True,True,True,,,True,False,False,False,,,
2022-05-24,4224.25,4274.25,4278.5,4202.75,4268.25,inside_gap_down,4249.0,4206.0,4227.5,4226.5,4250.75,4168.25,4246.25,4239.5,4234.75,4173.0,4250.75,4168.25,True,False,True,True,True,False,True,True,True,False,False,1.1697958706205767,False,gap_1_to_2_pct
2022-05-25,4221.25,4246.25,4250.75,4168.25,4239.5,inside_gap_down,4265.25,4209.75,4237.5,4221.5,4294.0,4217.75,4266.25,4275.25,4263.75,4217.75,4294.0,4224.75,True,True,False,True,True,True,False,True,False,False,False,0.588754783632617,True,gap_0p5_to_1_pct
2022-05-26,4285.5,4266.25,4294.0,4217.75,4275.25,inside_gap_up,4306.0,4256.75,4281.375,4285.75,4369.75,4283.75,4347.0,4351.75,4339.0,4283.75,4369.75,4327.5,True,False,False,False,True,True,False,True,False,False,False,0.45121593905654855,False,gap_0_to_0p5_pct
2022-05-27,4377.75,4347.0,4369.75,4283.75,4351.75,above_prior_range,4383.5,4337.5,4360.5,4361.25,4464.5,4375.75,4464.25,4452.5,4422.25,4375.75,4464.5,4404.25,False,False,False,False,True,False,False,True,False,False,False,0.7073844030365769,False,gap_0p5_to_1_pct
2022-05-30,4465.5,,,,,incomplete,4498.5,4453.75,4476.125,4485.5,4483.25,4462.5,4473.75,4466.5,4469.25,4462.5,4483.25,4465.5,False,,False,True,False,,,True,False,True,False,,,
2022-05-31,4434.25,4473.75,4483.25,4462.5,4466.5,below_prior_range,4476.25,4417.75,4447.0,4432.75,4464.0,4399.0,4428.5,4428.5,4437.75,4399.0,4464.0,4411.25,True,False,True,True,False,False,True,True,False,False,False,0.8829281922324671,False,gap_0p5_to_1_pct
2022-06-01,4450.5,4428.5,4464.0,4399.0,4428.5,inside_gap_up,4453.0,4422.0,4437.5,4450.25,4461.25,4367.75,4393.25,4394.75,4461.25,4401.25,4424.0,4367.75,True,True,True,True,True,False,True,False,True,False,False,0.49678220616461555,True,gap_0_to_0p5_pct
2022-06-02,4392.75,4393.25,4461.25,4367.75,4394.75,inside_gap_down,4420.75,4379.75,4400.25,4392.75,4475.25,4368.5,4474.0,4472.0,4404.25,4368.5,4475.25,4374.25,True,True,True,True,True,True,False,True,False,True,False,0.011381095999544757,True,gap_0_to_0p5_pct
2022-06-03,4422.0,4474.0,4475.25,4368.5,4472.0,inside_gap_down,4485.25,4421.25,4453.25,4456.75,4438.5,4393.0,4405.75,4404.25,4438.5,4411.75,4430.75,4393.0,False,False,True,False,False,False,False,False,True,False,False,1.16227089852481,False,gap_1_to_2_pct
2022-06-06,4446.0,,,,,incomplete,4455.25,4400.75,4428.0,4448.75,4464.5,4403.5,4417.0,4415.5,4464.5,4435.0,4463.5,4403.5,True,,False,True,True,,,False,True,False,False,,,
2022-06-07,4378.75,4417.0,4464.5,4403.5,4415.5,below_prior_range,4420.25,4372.25,4396.25,4398.25,4460.25,4374.0,4447.0,4455.0,4413.0,4374.0,4460.25,4404.5,True,True,False,True,True,False,True,True,False,False,False,0.8659723794430609,True,gap_0p5_to_1_pct
2022-06-08,4437.25,4447.0,4460.25,4374.0,4455.0,inside_gap_down,4454.5,4430.0,4442.25,4437.75,4456.25,4401.5,4412.5,4410.5,4456.25,4424.5,4455.0,4401.5,True,True,True,True,True,False,False,False,True,False,False,0.2192489318641781,True,gap_0_to_0p5_pct
2022-06-09,4390.75,4412.5,4456.25,4401.5,4410.5,below_prior_range,4440.5,4388.5,4414.5,4391.25,4414.5,4311.0,4319.25,4311.25,4414.5,4381.25,4410.75,4311.0,True,True,True,True,False,False,True,False,True,False,True,0.49291784702549574,True,gap_0_to_0p5_pct
2022-06-10,4245.75,4319.25,4414.5,4311.0,4311.25,below_prior_range,4325.75,4235.75,4280.75,4267.5,4254.5,4191.5,4201.75,4194.25,4254.5,4198.0,4238.75,4191.5,False,False,True,False,False,False,False,False,True,False,False,1.701684320194478,False,gap_1_to_2_pct
2022-06-13,4093.5,,,,,incomplete,4173.25,4093.0,4133.125,4101.0,4114.25,4030.0,4052.25,4048.0,4114.25,4065.25,4110.25,4030.0,True,,True,False,False,,,False,True,False,False,,,
2022-06-14,4065.75,4052.25,4114.25,4030.0,4048.0,inside_gap_up,4102.25,4049.25,4075.75,4063.5,4076.75,4003.25,4037.25,4036.5,4076.75,4037.5,4062.25,4003.25,True,True,True,True,False,False,True,False,True,False,False,0.3331482509716824,True,gap_0_to_0p5_pct
2022-06-15,4071.0,4037.25,4076.75,4003.25,4036.5,inside_gap_up,4077.5,4034.25,4055.875,4070.25,4137.75,4018.25,4088.5,4090.25,4092.5,4064.25,4137.75,4018.25,True,True,True,True,True,True,False,True,True,True,True,0.8359650752368568,True,gap_0p5_to_1_pct
2022-06-16,4002.25,4088.5,4137.75,4018.25,4090.25,below_prior_range,4128.0,3989.75,4058.875,4019.75,4006.5,3936.75,3974.75,3968.25,4006.5,3970.75,3987.75,3936.75,False,False,True,False,False,False,False,False,True,False,False,2.1095756389874034,False,gap_gt_2_pct
2022-06-17,3967.25,3974.75,4006.5,3936.75,3968.25,inside_gap_down,4008.25,3963.25,3985.75,3975.75,4006.5,3933.75,3978.5,3970.0,4006.5,3953.75,4003.5,3933.75,True,True,True,True,False,True,True,False,True,False,False,0.18869111264859426,True,gap_0_to_0p5_pct
2022-06-20,3997.75,,,,,incomplete,4004.5,3956.25,3980.375,3996.75,4019.75,3992.0,4010.75,4017.0,4002.75,3992.0,4019.75,4000.75,True,,False,False,True,,,True,False,True,False,,,
2022-06-21,4031.0,4010.75,4019.75,3992.0,4017.0,above_prior_range,4043.75,4005.25,4024.5,4023.0,4078.5,4030.25,4064.25,4063.25,4068.5,4030.25,4078.5,4052.0,False,False,False,False,True,False,False,True,False,False,False,0.5048930997943027,False,gap_0p5_to_1_pct
2022-06-22,4018.75,4064.25,4078.5,4030.25,4063.25,below_prior_range,4062.5,3988.0,4025.25,4018.5,4100.25,4014.0,4055.0,4055.5,4082.75,4014.0,4100.25,4053.5,True,True,False,True,True,True,True,True,False,False,False,1.1195177462016361,True,gap_1_to_2_pct
2022-06-23,4078.5,4055.0,4100.25,4014.0,4055.5,inside_gap_up,4091.75,4029.75,4060.75,4083.25,4100.5,4040.5,4079.0,4093.5,4088.0,4059.75,4100.5,4040.5,True,True,False,True,True,True,False,True,True,False,False,0.5795314426633785,True,gap_0p5_to_1_pct
2022-06-24,4126.5,4079.0,4100.5,4040.5,4093.5,above_prior_range,4129.0,4076.0,4102.5,4122.25,4214.5,4125.75,4209.5,4213.75,4184.5,4125.75,4214.5,4169.75,False,False,False,False,True,False,False,True,False,False,False,1.1645011032115715,False,gap_1_to_2_pct
2022-06-27,4223.5,,,,,incomplete,4242.75,4190.25,4216.5,4221.75,4226.5,4187.25,4204.75,4200.25,4226.5,4188.25,4224.5,4187.25,True,,True,True,False,,,False,True,False,False,,,
2022-06-28,4215.0,4204.75,4226.5,4187.25,4200.25,inside_gap_up,4232.5,4180.5,4206.5,4215.75,4244.75,4116.5,4122.75,4120.0,4244.75,4207.0,4209.5,4116.5,True,True,True,True,True,True,True,False,True,False,True,0.24377192460907307,True,gap_0_to_0p5_pct
2022-06-29,4124.75,4122.75,4244.75,4116.5,4120.0,inside_gap_up,4134.75,4106.75,4120.75,4126.5,4134.75,4096.0,4117.75,4115.25,4134.75,4096.0,4134.0,4096.25,True,True,True,True,True,False,True,False,False,False,False,0.048511309198957006,True,gap_0_to_0p5_pct
2022-06-30,4072.75,4117.75,4134.75,4096.0,4115.25,below_prior_range,4119.75,4055.5,4087.625,4074.0,4117.5,4036.0,4075.75,4084.25,4081.0,4036.0,4117.5,4043.0,True,True,True,True,False,False,True,True,False,False,False,1.0928298221115902,False,gap_1_to_2_pct
2022-07-01,4075.75,4075.75,4117.5,4036.0,4084.25,boundary,4088.5,4039.25,4063.875,4077.0,4128.25,4048.25,4120.25,4122.75,4111.5,4058.75,4128.25,4048.25,True,True,False,True,True,True,False,True,True,False,False,,,
2022-07-04,4113.5,,,,,incomplete,4123.25,4087.75,4105.5,4097.5,4114.25,4100.5,4108.25,4107.75,4114.25,4101.25,4111.75,4100.5,False,,False,True,False,,,False,True,False,False,,,
2022-07-05,4069.25,4108.25,4114.25,4100.5,4107.75,below_prior_range,4152.5,4068.0,4110.25,4071.0,4130.5,4038.75,4128.5,4054.75,4073.5,4038.75,4130.5,4040.25,True,True,True,True,False,True,True,True,False,True,False,0.9493093166189983,True,gap_0p5_to_1_pct
2022-07-06,4131.5,4128.5,4130.5,4038.75,4054.75,above_prior_range,4143.5,4103.5,4123.5,4128.0,4169.75,4106.25,4148.75,4144.25,4147.0,4116.75,4169.75,4106.25,True,False,False,True,True,True,False,True,True,False,False,0.07266561705219814,True,gap_0_to_0p5_pct
2022-07-07,4161.75,4148.75,4169.75,4106.25,4144.25,inside_gap_up,4164.0,4127.25,4145.625,4153.25,4209.0,4161.25,4194.0,4199.5,4186.5,4161.25,4209.0,4176.0,False,False,False,False,True,True,False,True,False,False,False,0.3133473937933113,False,gap_0_to_0p5_pct
2022-07-08,4182.25,4194.0,4209.0,4161.25,4199.5,inside_gap_down,4203.75,4162.75,4183.25,4178.0,4216.75,4166.25,4200.25,4196.75,4203.5,4166.25,4216.75,4176.25,True,True,False,True,True,True,False,True,False,False,False,0.28016213638531234,True,gap_0_to_0p5_pct
2022-07-11,4168.0,,,,,incomplete,4195.5,4158.25,4176.875,4170.5,4178.75,4144.75,4156.75,4152.5,4178.75,4146.0,4178.0,4144.75,True,,True,True,False,,,False,True,False,False,,,
2022-07-12,4145.75,4156.75,4178.75,4144.75,4152.5,inside_gap_down,4159.75,4115.5,4137.625,4129.75,4171.25,4099.5,4118.25,4118.75,4171.25,4134.75,4163.75,4099.5,True,True,True,True,True,False,True,False,True,False,False,0.26462981896914656,True,gap_0_to_0p5_pct
2022-07-13,4060.25,4118.25,4171.25,4099.5,4118.75,below_prior_range,4167.75,4046.75,4107.25,4084.0,4129.5,4055.25,4090.75,4097.75,4090.75,4055.25,4129.5,4070.75,True,True,False,True,False,False,True,True,False,False,False,1.408365203666606,True,gap_1_to_2_pct
2022-07-14,4044.25,4090.75,4129.5,4055.25,4097.75,below_prior_range,4101.0,4036.75,4068.875,4048.25,4094.75,4018.5,4090.75,4089.0,4052.5,4018.5,4094.75,4021.75,True,False,True,True,False,False,True,True,False,False,False,1.13671087208947,True,gap_1_to_2_pct
2022-07-15,4134.75,4090.75,4094.75,4018.5,4089.0,above_prior_range,4136.75,4075.0,4105.875,4090.75,4163.0,4114.5,4161.5,4160.25,4152.5,4114.5,4163.0,4138.25,False,False,False,False,True,False,False,True,False,False,False,1.0755973843427244,False,gap_1_to_2_pct
2022-07-18,4192.75,,,,,incomplete,4204.25,4160.5,4182.375,4192.0,4200.0,4115.0,4133.0,4128.75,4200.0,4181.25,4193.75,4115.0,True,,True,True,False,,,False,True,False,True,,,
2022-07-19,4169.25,4133.0,4200.0,4115.0,4128.75,inside_gap_up,4172.75,4128.75,4150.75,4137.25,4242.75,4162.75,4240.0,4231.25,4191.25,4162.75,4242.75,4186.5,False,False,False,False,True,True,False,True,False,True,False,0.8770868618436971,False,gap_0p5_to_1_pct
2022-07-20,4233.25,4240.0,4242.75,4162.75,4231.25,inside_gap_down,4259.0,4217.0,4238.0,4228.25,4272.0,4219.5,4248.5,4257.75,4244.75,4219.5,4272.0,4233.25,True,True,False,True,True,True,False,True,False,False,False,0.15919811320754718,True,gap_0_to_0p5_pct
2022-07-21,4249.5,4248.5,4272.0,4219.5,4257.75,inside_gap_up,4273.75,4240.0,4256.875,4249.5,4299.5,4225.0,4286.0,4297.5,4266.5,4225.0,4299.5,4227.0,True,True,True,True,True,True,False,True,False,False,False,0.023537719195010003,True,gap_0_to_0p5_pct
2022-07-22,4298.0,4286.0,4299.5,4225.0,4297.5,inside_gap_up,4298.5,4274.75,4286.625,4291.0,4311.0,4236.25,4258.0,4260.25,4311.0,4281.25,4301.5,4236.25,True,True,True,True,True,True,False,False,True,False,True,0.2799813345776948,True,gap_0_to_0p5_pct
2022-07-25,4266.0,,,,,incomplete,4283.5,4246.25,4264.875,4248.5,4273.75,4240.75,4257.0,4264.75,4269.25,4245.75,4273.75,4240.75,True,,True,True,False,,,True,True,False,False,,,
2022-07-26,4247.5,4257.0,4273.75,4240.75,4264.75,inside_gap_down,4259.25,4240.0,4249.625,4247.75,4249.75,4208.0,4234.0,4217.75,4249.75,4231.5,4239.5,4208.0,True,False,True,True,False,False,True,False,True,False,False,0.2231618510688278,False,gap_0_to_0p5_pct
2022-07-27,4252.25,4234.0,4249.75,4208.0,4217.75,above_prior_range,4263.25,4233.5,4248.375,4255.5,4337.5,4249.25,4315.25,4318.75,4268.75,4249.25,4337.5,4261.5,True,False,False,False,True,True,False,True,False,True,False,0.43103448275862066,False,gap_0_to_0p5_pct
2022-07-28,4326.5,4315.25,4337.5,4249.25,4318.75,inside_gap_up,4328.5,4298.25,4313.375,4310.0,4405.75,4289.25,4399.75,4368.0,4335.75,4289.25,4405.75,4291.0,True,True,True,True,True,True,False,True,False,True,False,0.26070331962226984,True,gap_0_to_0p5_pct
2022-07-29,4383.75,4399.75,4405.75,4289.25,4368.0,inside_gap_down,4403.5,4379.75,4391.625,4387.5,4438.75,4375.75,4427.25,4428.5,4418.0,4375.75,4438.75,4388.25,True,False,True,True,True,True,False,True,False,False,False,0.3636570259673845,True,gap_0_to_0p5_pct
2022-08-01,4399.75,,,,,incomplete,4432.75,4394.75,4413.75,4399.75,4442.0,4391.75,4417.75,4414.5,4436.25,4391.75,4442.0,4398.25,True,,True,True,True,,,True,False,False,False,,,
2022-08-02,4398.5,4417.75,4442.0,4391.75,4414.5,inside_gap_down,4417.0,4378.25,4397.625,4395.75,4437.75,4375.25,4391.0,4388.75,4404.75,4375.25,4437.75,4384.0,True,True,True,True,True,False,True,True,False,False,False,0.4357421764472865,True,gap_0_to_0p5_pct
2022-08-03,4410.5,4391.0,4437.75,4375.25,4388.75,inside_gap_up,4417.25,4379.25,4398.25,4413.5,4464.75,4407.25,4447.25,4451.75,4432.0,4407.25,4464.75,4409.0,True,False,False,False,True,True,False,True,False,False,False,0.44409018446823045,False,gap_0_to_0p5_pct
2022-08-04,4450.5,4447.25,4464.75,4407.25,4451.75,inside_gap_up,4468.0,4442.75,4455.375,4447.75,4457.75,4430.75,4446.5,4448.0,4457.75,4439.25,4456.75,4430.75,True,True,True,True,False,False,False,False,True,False,False,0.0730788689639665,True,gap_0_to_0p5_pct
2022-08-05,4402.75,4446.5,4457.75,4430.75,4448.0,below_prior_range,4461.0,4398.5,4429.75,4419.25,4448.0,4402.0,4436.5,4440.75,4448.0,4402.0,4443.75,4406.75,True,True,False,True,False,False,True,False,False,False,False,0.9839199370291241,True,gap_0p5_to_1_pct
2022-08-08,4459.0,,,,,incomplete,4472.25,4425.5,4448.875,4462.25,4482.75,4424.0,4445.5,4436.25,4482.75,4455.25,4479.75,4424.0,True,,True,True,True,,,False,True,False,False,,,
2022-08-09,4428.25,4445.5,4482.75,4424.0,4436.25,inside_gap_down,4449.75,4418.25,4434.0,4427.0,4433.5,4407.75,4424.0,4419.75,4433.5,4413.0,4429.25,4407.75,True,False,True,False,False,False,True,False,True,False,False,0.3880328421999775,False,gap_0_to_0p5_pct
2022-08-10,4493.75,4424.0,4433.5,4407.75,4419.75,above_prior_range,4496.25,4408.5,4452.375,4488.5,4508.25,4473.25,4505.75,4505.25,4494.75,4473.25,4508.25,4481.5,True,False,False,False,True,False,False,True,False,False,False,1.576627486437613,False,gap_1_to_2_pct
2022-08-11,4535.25,4505.75,4508.25,4473.25,4505.25,above_prior_range,4541.75,4501.5,4521.625,4533.0,4555.25,4497.5,4513.5,4506.25,4555.25,4527.75,4553.25,4497.5,True,True,True,True,True,True,False,False,True,False,False,0.6547189702047383,True,gap_0p5_to_1_pct
2022-08-12,4525.75,4513.5,4555.25,4497.5,4506.25,inside_gap_up,4532.25,4503.0,4517.625,4525.75,4577.5,4515.75,4575.5,4576.0,4534.5,4515.75,4577.5,4522.25,True,False,False,True,True,True,False,True,False,True,False,0.2714079982275396,False,gap_0_to_0p5_pct
2022-08-15,4553.0,,,,,incomplete,4573.25,4543.75,4558.5,4555.75,4599.5,4552.5,4589.25,4593.75,4578.75,4552.5,4599.5,4559.5,True,,False,True,True,,,True,False,False,False,,,
2022-08-16,4582.5,4589.25,4599.5,4552.5,4593.75,inside_gap_down,4595.0,4578.5,4586.75,4582.5,4622.25,4573.5,4605.0,4601.75,4592.5,4579.0,4622.25,4573.5,True,True,True,True,True,True,False,True,True,True,False,0.14708285667592744,True,gap_0_to_0p5_pct
2022-08-17,4564.0,4605.0,4622.25,4573.5,4601.75,below_prior_range,4609.75,4560.75,4585.25,4566.0,4600.0,4549.75,4575.5,4571.25,4580.0,4563.5,4600.0,4549.75,True,False,True,True,False,False,True,True,True,False,False,0.8903365906623236,False,gap_0p5_to_1_pct
2022-08-18,4572.25,4575.5,4600.0,4549.75,4571.25,inside_gap_down,4587.5,4552.75,4570.125,4576.5,4590.25,4558.75,4583.0,4583.25,4574.5,4558.75,4590.25,4561.5,True,True,False,True,True,False,False,True,False,False,False,0.07103048847120533,True,gap_0_to_0p5_pct
2022-08-19,4553.75,4583.0,4590.25,4558.75,4583.25,below_prior_range,4582.75,4535.75,4559.25,4551.75,4556.5,4515.5,4523.25,4524.75,4556.5,4529.75,4540.5,4515.5,True,False,True,False,False,False,False,False,True,False,False,0.6382282347807113,False,gap_0p5_to_1_pct
2022-08-22,4473.5,,,,,incomplete,4516.25,4470.25,4493.25,4476.25,4475.25,4426.25,4441.25,4437.5,4475.25,4449.5,4460.25,4426.25,False,,True,False,False,,,False,True,False,False,,,
2022-08-23,4431.75,4441.25,4475.25,4426.25,4437.5,inside_gap_down,4451.75,4412.75,4432.25,4442.0,4456.5,4419.75,4422.75,4433.5,4456.5,4426.0,4452.0,4419.75,True,True,False,True,True,False,True,False,True,False,False,0.21390374331550802,True,gap_0_to_0p5_pct
2022-08-24,4423.25,4422.75,4456.5,4419.75,4433.5,inside_gap_up,4436.75,4405.5,4421.125,4425.5,4453.25,4416.0,4444.25,4438.5,4438.25,4416.0,4453.25,4426.0,True,True,False,True,True,False,True,True,False,False,False,0.011305183426601096,True,gap_0_to_0p5_pct
2022-08-25,4453.5,4444.25,4453.25,4416.0,4438.5,above_prior_range,4482.5,4437.75,4460.125,4475.0,4497.5,4442.25,4490.0,4497.0,4477.5,4442.25,4497.5,4448.0,True,False,False,True,True,True,False,True,False,False,False,0.20813410586713169,True,gap_0_to_0p5_pct
2022-08-26,4495.5,4490.0,4497.5,4442.25,4497.0,inside_gap_up,4512.0,4474.75,4493.375,4491.5,4501.0,4337.5,4337.5,4353.75,4501.0,4445.0,4450.0,4337.5,True,True,True,True,False,True,True,False,True,False,True,0.12249443207126949,True,gap_0_to_0p5_pct
2022-08-29,4322.75,,,,,incomplete,4335.5,4301.5,4318.5,4321.75,4358.75,4311.75,4330.5,4326.75,4345.25,4315.5,4358.75,4311.75,True,,False,True,True,,,True,True,False,False,,,
2022-08-30,4338.25,4330.5,4358.75,4311.75,4326.75,inside_gap_up,4367.5,4321.5,4344.5,4339.0,4341.25,4259.25,4281.25,4281.0,4341.25,4295.5,4302.75,4259.25,True,True,True,False,False,False,True,False,True,False,False,0.17896316822537814,True,gap_0_to_0p5_pct
2022-08-31,4298.75,4281.25,4341.25,4259.25,4281.0,inside_gap_up,4313.0,4274.0,4293.5,4299.0,4311.75,4247.75,4255.25,4250.5,4311.75,4277.5,4295.5,4247.75,True,True,True,True,False,False,True,False,True,False,False,0.4087591240875913,True,gap_0_to_0p5_pct
2022-09-01,4226.75,4255.25,4311.75,4247.75,4250.5,below_prior_range,4255.75,4215.75,4235.75,4227.0,4266.0,4198.25,4262.75,4262.25,4232.75,4203.5,4266.0,4198.25,True,True,True,True,True,False,True,True,True,False,False,0.6697608836143587,True,gap_0p5_to_1_pct
2022-09-02,4301.0,4262.75,4266.0,4198.25,4262.25,above_prior_range,4304.0,4250.0,4277.0,4289.5,4314.0,4200.75,4228.0,4220.25,4302.5,4268.0,4314.0,4200.75,True,True,True,True,True,True,False,True,True,False,True,0.897308075772682,True,gap_0p5_to_1_pct
2022-09-05,4226.5,,,,,incomplete,4237.0,4210.0,4223.5,4223.0,4235.25,4223.0,4231.0,4230.25,4230.25,4223.0,4235.25,4227.5,True,,False,True,False,,,True,False,False,False,,,
2022-09-06,4228.75,4231.0,4235.25,4223.0,4230.25,inside_gap_down,4258.0,4226.75,4242.375,4246.5,4239.25,4181.5,4203.0,4205.75,4239.25,4181.5,4238.0,4188.5,False,True,True,False,False,True,True,False,False,False,False,0.05317891751359017,True,gap_0_to_0p5_pct
2022-09-07,4201.5,4203.0,4239.25,4181.5,4205.75,inside_gap_down,4218.0,4178.25,4198.125,4200.25,4283.5,4199.25,4273.25,4275.25,4224.75,4199.25,4283.5,4218.75,True,True,False,False,True,True,False,True,False,True,False,0.03568879371877231,True,gap_0_to_0p5_pct
2022-09-08,4250.25,4273.25,4283.5,4199.25,4275.25,inside_gap_down,4290.75,4247.25,4269.0,4252.0,4306.25,4237.5,4304.75,4300.5,4281.75,4237.5,4306.25,4247.5,True,True,True,True,True,True,False,True,False,False,False,0.5382320248054759,True,gap_0p5_to_1_pct
2022-09-09,4324.0,4304.75,4306.25,4237.5,4300.5,above_prior_range,4339.75,4300.5,4320.125,4331.25,4372.0,4321.0,4361.0,4361.5,4352.75,4321.0,4372.0,4340.0,True,False,False,False,True,False,False,True,False,False,False,0.4471804402113944,False,gap_0_to_0p5_pct
2022-09-12,4383.75,,,,,incomplete,4391.5,4356.75,4374.125,4381.75,4414.25,4380.25,4413.5,4403.25,4414.25,4380.25,4414.25,4381.75,True,,False,False,True,,,False,False,False,False,,,
2022-09-13,4314.5,4413.5,4414.25,4380.25,4403.25,below_prior_range,4451.5,4307.0,4379.25,4348.25,4327.75,4215.0,4231.75,4227.75,4327.75,4293.5,4301.0,4215.0,False,False,True,False,False,False,False,False,True,False,True,2.243117707035233,False,gap_gt_2_pct
2022-09-14,4240.25,4231.75,4327.75,4215.0,4227.75,inside_gap_up,4256.0,4219.0,4237.5,4233.25,4257.75,4205.5,4250.25,4240.75,4252.0,4214.75,4257.75,4205.5,True,True,True,True,True,False,True,True,True,False,False,0.20086252732321144,True,gap_0_to_0p5_pct
2022-09-15,4223.5,4250.25,4257.75,4205.5,4240.75,inside_gap_down,4253.5,4221.75,4237.625,4237.75,4254.0,4181.5,4186.5,4195.25,4254.0,4217.0,4240.0,4181.5,True,True,True,True,True,False,True,False,True,False,False,0.6293747426621963,True,gap_0p5_to_1_pct
2022-09-16,4150.25,4186.5,4254.0,4181.5,4195.25,below_prior_range,4181.5,4139.5,4160.5,4146.25,4180.0,4129.5,4179.0,4165.25,4162.75,4130.0,4180.0,4129.5,True,False,True,True,False,False,False,True,True,False,False,0.8658784187268601,False,gap_0p5_to_1_pct
2022-09-19,4130.5,,,,,incomplete,4175.75,4122.75,4149.25,4134.25,4203.5,4129.75,4199.25,4195.25,4167.75,4129.75,4203.5,4147.0,True,,False,True,True,,,True,False,False,False,,,
2022-09-20,4159.25,4199.25,4203.5,4129.75,4195.25,inside_gap_down,4212.75,4159.0,4185.875,4167.5,4169.75,4119.75,4156.25,4149.75,4161.5,4139.0,4169.75,4119.75,True,False,True,False,False,False,True,True,True,False,False,0.9525510507828778,False,gap_0p5_to_1_pct
2022-09-21,4169.5,4156.25,4169.75,4119.75,4149.75,inside_gap_up,4173.25,4131.25,4152.25,4153.25,4201.75,4068.5,4073.25,4080.5,4181.0,4162.5,4201.75,4068.5,True,True,True,True,True,True,True,True,True,False,True,0.318796992481203,True,gap_0_to_0p5_pct
2022-09-22,4072.25,4073.25,4201.75,4068.5,4080.5,inside_gap_down,4109.5,4043.25,4076.375,4079.25,4083.25,4040.0,4050.25,4047.75,4083.25,4048.5,4081.5,4040.0,True,True,True,True,False,False,True,False,True,False,False,0.024550420425949796,True,gap_0_to_0p5_pct
2022-09-23,4011.25,4050.25,4083.25,4040.0,4047.75,below_prior_range,4059.75,3991.5,4025.625,4003.5,4011.75,3936.75,3988.0,3984.0,4011.75,3979.0,3993.25,3936.75,True,False,True,False,False,False,False,False,True,False,False,0.9629035244737979,False,gap_0p5_to_1_pct
2022-09-26,3968.5,,,,,incomplete,3994.75,3948.0,3971.375,3975.25,4007.0,3934.0,3943.75,3947.5,4007.0,3965.0,4004.0,3934.0,True,,True,True,True,,,False,True,False,False,,,
2022-09-27,3985.0,3943.75,4007.0,3934.0,3947.5,inside_gap_up,4004.25,3940.25,3972.25,3987.0,4009.5,3911.75,3941.75,3937.5,4009.5,3962.75,3994.25,3911.75,True,True,True,True,True,True,True,False,True,False,False,1.045958795562599,True,gap_1_to_2_pct
2022-09-28,3946.75,3941.75,4009.5,3911.75,3937.5,inside_gap_up,3957.5,3889.5,3923.5,3919.75,4027.75,3928.75,4006.25,4009.0,3968.75,3928.75,4027.75,3962.75,False,True,False,False,True,True,False,True,False,False,False,0.1268472125325046,True,gap_0_to_0p5_pct
2022-09-29,3970.75,4006.25,4027.75,3928.75,4009.0,inside_gap_down,4012.5,3950.0,3981.25,3969.25,3974.0,3898.5,3935.25,3931.0,3974.0,3907.75,3949.0,3898.5,True,False,True,False,False,False,True,False,True,False,False,0.8861154446177848,False,gap_0p5_to_1_pct
2022-09-30,3920.5,3935.25,3974.0,3898.5,3931.0,inside_gap_down,3970.25,3916.75,3943.5,3928.5,3961.0,3871.75,3880.75,3873.75,3938.5,3903.0,3961.0,3871.75,True,True,True,True,False,False,True,True,True,False,False,0.37481735594943144,True,gap_0_to_0p5_pct
2022-10-03,3912.25,,,,,incomplete,3922.0,3848.25,3885.125,3914.25,3988.25,3893.5,3971.0,3967.75,3950.25,3893.5,3988.25,3936.0,True,,False,False,True,,,True,False,False,False,,,
2022-10-04,4025.75,3971.0,3988.25,3893.5,3967.75,above_prior_range,4038.0,3962.75,4000.375,4025.25,4085.25,4025.0,4080.0,4081.5,4074.75,4025.0,4085.25,4043.0,True,False,False,False,True,False,False,True,False,False,False,1.3787459078317803,False,gap_1_to_2_pct
2022-10-05,4035.5,4080.0,4085.25,4025.0,4081.5,inside_gap_down,4081.0,4033.5,4057.25,4046.25,4096.5,4010.5,4072.25,4073.5,4053.75,4016.0,4096.5,4010.5,True,True,True,True,True,True,True,True,True,False,False,1.0906862745098038,True,gap_1_to_2_pct
2022-10-06,4057.0,4072.25,4096.5,4010.5,4073.5,inside_gap_down,4096.0,4040.25,4068.125,4060.5,4088.0,4026.5,4027.5,4032.75,4088.0,4036.5,4070.5,4026.5,True,True,True,True,False,False,False,False,True,False,False,0.37448584934618456,True,gap_0_to_0p5_pct
2022-10-07,3990.25,4027.5,4088.0,4026.5,4032.75,below_prior_range,4047.0,3976.75,4011.875,4010.25,3994.0,3909.0,3927.25,3927.75,3994.0,3947.25,3971.25,3909.0,False,False,True,False,False,False,False,False,True,False,False,0.9248913718187461,False,gap_0p5_to_1_pct
2022-10-10,3939.5,,,,,incomplete,3944.0,3894.5,3919.25,3919.75,3942.0,3876.5,3904.0,3901.75,3942.0,3909.0,3929.5,3876.5,True,,True,True,False,,,False,True,False,False,,,
2022-10-11,3881.25,3904.0,3942.0,3876.5,3901.75,inside_gap_down,3912.5,3860.75,3886.625,3882.0,3929.75,3855.5,3884.75,3876.25,3888.0,3856.75,3929.75,3855.5,True,True,True,True,True,False,True,True,True,False,False,0.5827356557377049,True,gap_0p5_to_1_pct
2022-10-12,3880.5,3884.75,3929.75,3855.5,3876.25,inside_gap_down,3911.75,3872.75,3892.25,3881.5,3897.25,3862.0,3869.75,3864.0,3897.25,3862.0,3897.0,3863.75,True,True,True,True,False,False,False,False,False,False,False,0.10940214943046529,True,gap_0_to_0p5_pct
2022-10-13,3789.75,3869.75,3897.25,3862.0,3864.0,below_prior_range,3921.25,3780.25,3850.75,3814.25,3974.25,3778.5,3956.75,3958.5,3839.0,3778.5,3974.25,3815.0,True,True,True,True,True,True,True,True,False,True,False,2.0673170101427742,True,gap_gt_2_pct
2022-10-14,3984.0,3956.75,3974.25,3778.5,3958.5,above_prior_range,4010.25,3936.75,3973.5,3965.5,4001.75,3867.75,3873.0,3875.75,4001.75,3904.5,3933.25,3867.75,True,True,True,True,False,True,False,False,True,False,False,0.6886965312440766,True,gap_0p5_to_1_pct
2022-10-17,3938.75,,,,,incomplete,3939.75,3867.0,3903.375,3901.75,3979.0,3938.0,3976.0,3966.5,3979.0,3938.0,3978.75,3944.75,False,,False,False,True,,,False,False,False,False,,,
2022-10-18,4050.0,3976.0,3979.0,3938.0,3966.5,above_prior_range,4052.5,3982.5,4017.5,4042.75,4053.75,3973.75,4034.5,4010.25,4053.75,4018.0,4038.25,3973.75,True,False,True,True,True,True,False,False,True,False,False,1.8611670020120725,True,gap_1_to_2_pct
2022-10-19,3988.5,4034.5,4053.75,3973.75,4010.25,inside_gap_down,4050.75,3978.25,4014.5,3982.25,4017.25,3953.25,3986.75,3994.0,4017.0,3977.0,4017.25,3953.25,True,True,True,True,False,False,True,True,True,False,False,1.1401660676663774,False,gap_1_to_2_pct
2022-10-20,3976.75,3986.75,4017.25,3953.25,3994.0,inside_gap_down,4006.5,3953.5,3980.0,3973.5,4024.5,3942.75,3953.25,3951.0,4024.5,3966.75,4022.5,3942.75,True,True,True,True,True,True,True,False,True,False,False,0.2508308772809933,True,gap_0_to_0p5_pct
2022-10-21,3948.0,3953.25,4024.5,3942.75,3951.0,inside_gap_down,3965.75,3918.0,3941.875,3948.0,4049.75,3932.0,4048.5,4040.25,4003.75,3932.0,4049.75,3954.25,True,True,False,True,True,True,True,True,False,False,False,0.13280212483399734,True,gap_0_to_0p5_pct
2022-10-24,4056.0,,,,,incomplete,4089.75,4013.0,4051.375,4056.0,4098.5,4028.25,4082.0,4086.0,4085.25,4028.25,4098.5,4038.75,True,,False,True,True,,,True,False,False,False,,,
2022-10-25,4085.25,4082.0,4098.5,4028.25,4086.0,inside_gap_up,4094.75,4066.5,4080.625,4084.75,4150.75,4083.5,4129.75,4146.5,4125.5,4083.5,4150.75,4115.5,True,True,False,False,True,True,False,True,False,False,False,0.07961783439490447,False,gap_0_to_0p5_pct
2022-10-26,4113.75,4129.75,4150.75,4083.5,4146.5,inside_gap_down,4130.5,4100.75,4115.625,4114.25,4174.0,4110.75,4130.25,4118.5,4146.75,4110.75,4174.0,4112.75,True,True,False,True,True,True,False,True,False,False,False,0.3874326533083116,True,gap_0_to_0p5_pct
2022-10-27,4127.25,4130.25,4174.0,4110.75,4118.5,inside_gap_down,4144.5,4110.75,4127.625,4132.0,4147.25,4034.0,4068.0,4096.5,4144.0,4102.0,4147.25,4034.0,True,True,True,True,True,False,True,True,True,False,True,0.0726348284002179,True,gap_0_to_0p5_pct
2022-10-28,4095.0,4068.0,4147.25,4034.0,4096.5,inside_gap_up,4104.5,4053.25,4078.875,4093.75,4200.75,4093.0,4199.5,4187.25,4140.75,4093.0,4200.75,4135.0,True,True,False,False,True,True,False,True,False,False,False,0.6637168141592921,False,gap_0p5_to_1_pct
2022-10-31,4160.75,,,,,incomplete,4191.25,4159.25,4175.25,4167.75,4181.0,4148.75,4159.25,4159.25,4171.25,4148.75,4181.0,4150.0,True,,True,True,False,,,True,False,False,False,,,
2022-11-01,4198.25,4159.25,4181.0,4148.75,4159.25,above_prior_range,4204.5,4157.5,4181.0,4198.25,4200.75,4129.0,4138.25,4141.5,4200.75,4145.75,4163.0,4129.0,True,True,True,True,False,True,True,False,True,False,False,0.9376690509106209,True,gap_0p5_to_1_pct
2022-11-02,4135.0,4138.25,4200.75,4129.0,4141.5,inside_gap_down,4158.0,4131.0,4144.5,4139.0,4183.5,4036.75,4044.75,4043.5,4136.75,4116.75,4183.5,4036.75,True,True,True,True,True,False,True,True,True,True,True,0.07853561287984051,True,gap_0_to_0p5_pct
2022-11-03,4008.5,4044.75,4183.5,4036.75,4043.5,below_prior_range,4059.0,4002.75,4030.875,4018.25,4035.0,3980.75,4002.0,4002.75,4021.5,3980.75,4035.0,4001.0,True,False,True,True,False,False,False,True,False,False,False,0.8962234995982447,False,gap_0p5_to_1_pct
2022-11-04,4062.75,4002.0,4035.0,3980.75,4002.75,above_prior_range,4063.75,3987.5,4025.625,4011.0,4082.0,3991.75,4049.25,4056.75,4074.0,4014.75,4082.0,3991.75,True,True,False,True,True,True,False,True,True,False,False,1.5179910044977512,True,gap_1_to_2_pct
2022-11-07,4069.5,,,,,incomplete,4081.5,4014.75,4048.125,4067.75,4098.25,4047.75,4088.75,4092.5,4076.5,4047.75,4098.25,4050.25,True,,False,True,True,,,True,False,False,False,,,
2022-11-08,4103.25,4088.75,4098.25,4047.75,4092.5,above_prior_range,4111.25,4076.5,4093.875,4103.25,4143.5,4069.25,4109.25,4111.75,4115.25,4087.25,4143.5,4069.25,True,True,True,True,True,True,False,True,True,False,False,0.3546316111280954,True,gap_0_to_0p5_pct
2022-11-09,4089.75,4109.25,4143.5,4069.25,4111.75,inside_gap_down,4125.25,4085.0,4105.125,4098.75,4102.25,4026.5,4032.75,4032.0,4102.25,4071.5,4093.5,4026.5,True,False,True,False,False,False,True,False,True,False,False,0.4745391494798321,False,gap_0_to_0p5_pct
2022-11-10,4170.75,4032.75,4102.25,4026.5,4032.0,above_prior_range,4171.5,4028.0,4099.75,4121.0,4250.0,4147.25,4249.5,4237.5,4196.0,4147.25,4250.0,4170.75,False,False,False,False,True,False,False,True,False,False,False,3.421982518132788,False,gap_gt_2_pct
2022-11-11,4247.75,4249.5,4250.0,4147.25,4237.5,inside_gap_down,4274.0,4233.75,4253.875,4259.5,4286.25,4227.5,4276.0,4277.25,4267.75,4227.5,4286.25,4232.25,True,True,True,True,True,True,False,True,False,False,False,0.041181315448876335,True,gap_0_to_0p5_pct
2022-11-14,4258.25,,,,,incomplete,4273.0,4253.5,4263.25,4266.0,4294.0,4240.5,4251.5,4244.0,4282.0,4251.0,4294.0,4240.5,True,,True,True,True,,,True,True,False,False,,,
2022-11-15,4303.25,4251.5,4294.0,4240.5,4244.0,above_prior_range,4327.25,4248.25,4287.75,4320.25,4315.25,4236.5,4271.25,4277.5,4315.25,4291.5,4311.25,4236.5,False,True,True,True,False,True,True,False,True,False,True,1.2172174526637658,True,gap_1_to_2_pct
2022-11-16,4259.5,4271.25,4315.25,4236.5,4277.5,inside_gap_down,4292.25,4256.5,4274.375,4264.25,4269.25,4238.5,4250.5,4246.0,4269.25,4248.5,4267.75,4238.5,True,False,True,False,False,False,False,False,True,False,False,0.2750951126719344,False,gap_0_to_0p5_pct
2022-11-17,4193.5,4250.5,4269.25,4238.5,4246.0,below_prior_range,4266.75,4189.0,4227.875,4195.0,4239.0,4190.25,4237.5,4232.5,4211.25,4190.25,4239.0,4192.0,True,False,False,True,False,False,True,True,False,False,False,1.3410187036819197,False,gap_1_to_2_pct
2022-11-18,4267.0,4237.5,4239.0,4190.25,4232.5,above_prior_range,4270.5,4220.0,4245.25,4266.75,4268.25,4219.0,4248.0,4249.75,4268.25,4232.25,4259.25,4219.0,True,True,True,True,False,True,False,False,True,False,False,0.696165191740413,True,gap_0p5_to_1_pct
2022-11-21,4235.0,,,,,incomplete,4258.5,4224.5,4241.5,4236.75,4247.0,4214.0,4234.5,4234.5,4247.0,4223.75,4244.75,4214.0,True,,True,True,False,,,False,True,False,False,,,
2022-11-22,4254.0,4234.5,4247.0,4214.0,4234.5,above_prior_range,4255.75,4221.75,4238.75,4235.25,4289.0,4239.25,4285.75,4286.5,4262.25,4239.25,4289.0,4253.5,False,False,False,False,True,True,False,True,False,False,False,0.4605030109812256,False,gap_0_to_0p5_pct
2022-11-23,4282.25,4285.75,4289.0,4239.25,4286.5,inside_gap_down,4298.25,4278.5,4288.375,4289.5,4316.0,4279.75,4315.75,4311.0,4307.75,4281.5,4316.0,4279.75,True,True,False,True,True,True,False,True,True,False,False,0.08166598611678236,True,gap_0_to_0p5_pct
2022-11-24,4319.75,4315.75,4316.0,4279.75,4311.0,above_prior_range,4325.75,4313.75,4319.75,4318.75,4324.0,4318.5,4320.0,4321.25,4322.25,4318.5,4324.0,4318.75,True,False,False,True,False,False,False,True,False,False,False,0.09268377454671842,False,gap_0_to_0p5_pct
2022-11-25,4304.5,4320.0,4324.0,4318.5,4321.25,below_prior_range,4322.5,4301.25,4311.875,4318.0,4315.75,4301.75,4310.75,4309.5,4314.75,4301.75,4315.75,4305.0,False,False,False,True,False,False,False,True,False,False,False,0.3587962962962963,False,gap_0_to_0p5_pct
2022-11-28,4277.0,,,,,incomplete,4300.5,4268.75,4284.625,4279.25,4294.25,4236.75,4248.0,4245.0,4294.25,4274.0,4281.5,4236.75,True,,True,True,False,,,False,True,False,True,,,
2022-11-29,4245.5,4248.0,4294.25,4236.75,4245.0,inside_gap_down,4266.75,4242.5,4254.625,4247.75,4258.25,4217.75,4238.75,4237.75,4255.5,4237.5,4258.25,4217.75,True,True,True,True,False,False,True,True,True,False,False,0.05885122410546139,True,gap_0_to_0p5_pct
2022-11-30,4239.25,4238.75,4258.25,4217.75,4237.75,inside_gap_up,4256.5,4233.0,4244.75,4241.75,4370.0,4219.25,4369.5,4359.0,4247.0,4223.5,4370.0,4219.25,True,True,True,True,True,True,False,True,True,True,False,0.011795930404010616,True,gap_0_to_0p5_pct
2022-12-01,4371.75,4369.5,4370.0,4219.25,4359.0,above_prior_range,4381.25,4348.5,4364.875,4370.75,4386.5,4331.0,4354.0,4357.5,4386.5,4334.25,4369.0,4331.0,True,True,True,True,True,True,False,False,True,False,False,0.051493305870236865,True,gap_0_to_0p5_pct
2022-12-02,4305.0,4354.0,4386.5,4331.0,4357.5,below_prior_range,4361.0,4283.25,4322.125,4293.25,4362.0,4304.0,4343.25,4351.75,4330.5,4304.0,4362.0,4315.75,False,True,False,True,True,False,True,True,False,False,False,1.1254019292604502,True,gap_1_to_2_pct
2022-12-05,4322.25,,,,,incomplete,4352.25,4320.5,4336.375,4336.25,4332.0,4263.75,4282.75,4278.5,4332.0,4298.5,4322.25,4263.75,False,,True,False,False,,,False,True,False,False,,,
2022-12-06,4276.5,4282.75,4332.0,4263.75,4278.5,inside_gap_down,4291.25,4271.25,4281.25,4281.25,4282.0,4198.0,4221.5,4220.25,4282.0,4239.5,4243.25,4198.0,True,True,True,True,False,False,True,False,True,False,False,0.14593427120424962,False,gap_0_to_0p5_pct
2022-12-07,4210.25,4221.5,4282.0,4198.0,4220.25,inside_gap_down,4230.5,4190.5,4210.5,4209.5,4238.0,4200.75,4211.0,4212.75,4234.25,4200.75,4238.0,4202.0,True,True,False,True,True,False,False,True,False,False,False,0.26649295274191637,True,gap_0_to_0p5_pct
2022-12-08,4231.5,4211.0,4238.0,4200.75,4212.75,inside_gap_up,4242.25,4192.5,4217.375,4240.75,4253.75,4214.25,4240.75,4242.25,4252.25,4214.25,4253.75,4225.0,True,False,False,True,True,True,False,True,False,False,False,0.4868202327238186,False,gap_0_to_0p5_pct
2022-12-09,4228.75,4240.75,4253.75,4214.25,4242.25,inside_gap_down,4266.5,4206.5,4236.5,4216.75,4256.0,4207.5,4208.0,4212.75,4248.5,4220.5,4256.0,4207.5,True,True,False,True,False,True,True,True,True,False,False,0.28296881447857103,True,gap_0_to_0p5_pct
2022-12-12,4220.75,,,,,incomplete,4228.0,4200.5,4214.25,4222.75,4270.5,4213.5,4264.25,4270.25,4228.25,4213.5,4270.5,4219.5,True,,False,True,True,,,True,False,True,False,,,
2022-12-13,4384.5,4264.25,4270.5,4213.5,4270.25,above_prior_range,4424.5,4262.0,4343.25,4381.25,4385.5,4270.75,4298.0,4300.75,4385.5,4330.25,4343.0,4270.75,True,False,False,True,False,False,False,False,True,False,False,2.8199566160520604,False,gap_gt_2_pct
2022-12-14,4296.25,4298.0,4385.5,4270.75,4300.75,inside_gap_down,4317.0,4289.0,4303.0,4298.0,4335.25,4241.5,4282.75,4273.75,4324.5,4295.75,4335.25,4241.5,True,True,True,True,True,False,True,True,True,False,True,0.04071661237785017,True,gap_0_to_0p5_pct
2022-12-15,4220.5,4282.75,4335.25,4241.5,4273.75,below_prior_range,4287.5,4213.5,4250.5,4217.25,4229.75,4152.5,4166.75,4171.5,4229.75,4178.0,4195.0,4152.5,True,False,True,False,False,False,False,False,True,False,False,1.453505341194326,False,gap_1_to_2_pct
2022-12-16,4143.0,4166.75,4229.75,4152.5,4171.5,below_prior_range,4179.0,4115.75,4147.375,4131.0,4157.0,4099.75,4116.5,4122.25,4157.0,4116.75,4140.0,4099.75,True,False,True,True,False,False,True,False,True,False,False,0.5699886002279955,False,gap_0p5_to_1_pct
2022-12-19,4124.5,,,,,incomplete,4143.5,4117.25,4130.375,4126.0,4128.0,4071.75,4086.25,4088.75,4128.0,4106.5,4125.0,4071.75,True,,True,False,False,,,False,True,False,True,,,
2022-12-20,4081.25,4086.25,4128.0,4071.75,4088.75,inside_gap_down,4099.25,4048.0,4073.625,4086.75,4111.0,4066.75,4098.0,4093.75,4105.25,4066.75,4111.0,4076.75,True,True,False,True,True,False,True,True,False,False,False,0.1223615784643622,True,gap_0_to_0p5_pct
2022-12-21,4121.25,4098.0,4111.0,4066.75,4093.75,above_prior_range,4128.75,4100.0,4114.375,4120.5,4163.25,4115.0,4158.5,4151.0,4140.25,4115.0,4163.25,4138.25,True,False,False,False,True,False,False,True,False,False,False,0.5673499267935579,False,gap_0p5_to_1_pct
2022-12-22,4117.0,4158.5,4163.25,4115.0,4151.0,inside_gap_down,4164.25,4114.5,4139.375,4118.0,4120.0,4033.0,4092.25,4094.5,4120.0,4079.25,4101.25,4033.0,True,False,True,False,False,False,True,False,True,False,False,0.9979559937477456,False,gap_0p5_to_1_pct
2022-12-23,4082.5,4092.25,4120.0,4033.0,4094.5,inside_gap_down,4116.0,4075.0,4095.5,4087.25,4117.0,4065.75,4112.75,4115.75,4104.25,4065.75,4117.0,4085.75,True,True,True,True,True,False,False,True,False,False,False,0.238255238560694,True,gap_0_to_0p5_pct
2022-12-27,4114.0,,,,,incomplete,4145.0,4113.5,4129.25,4130.0,4117.5,4081.75,4100.5,4100.25,4116.5,4081.75,4117.5,4090.25,False,,True,False,False,,,True,False,False,False,,,
2022-12-28,4098.5,4100.5,4117.5,4081.75,4100.25,inside_gap_down,4114.0,4095.25,4104.625,4098.5,4119.5,4049.0,4054.75,4051.25,4119.5,4087.25,4096.5,4049.0,True,True,True,True,True,True,True,False,True,False,False,0.04877453969028168,True,gap_0_to_0p5_pct
2022-12-29,4079.25,4054.75,4119.5,4049.0,4051.25,inside_gap_up,4084.25,4050.75,4067.5,4081.0,4127.25,4073.5,4113.75,4116.75,4112.5,4073.5,4127.25,4106.0,True,False,False,False,True,True,False,True,False,False,False,0.6042296072507553,False,gap_0p5_to_1_pct
2022-12-30,4088.5,4113.75,4127.25,4073.5,4116.75,inside_gap_down,4115.5,4086.75,4101.125,4090.75,4113.0,4066.0,4112.5,4105.75,4098.5,4072.25,4113.0,4066.0,True,False,True,True,False,False,True,True,True,False,False,0.6137951990276512,False,gap_0p5_to_1_pct
2023-01-03,4125.5,,,,,incomplete,4151.25,4087.25,4119.25,4121.5,4146.0,4059.0,4087.75,4089.25,4146.0,4082.5,4104.5,4059.0,True,,True,True,False,,,False,True,False,False,,,
2023-01-04,4113.5,4087.75,4146.0,4059.0,4089.25,inside_gap_up,4114.5,4083.75,4099.125,4104.25,4140.75,4081.0,4115.75,4118.25,4124.5,4081.0,4140.75,4090.0,True,True,True,True,True,False,False,True,False,False,False,0.6299308910769984,True,gap_0p5_to_1_pct
2023-01-05,4097.25,4115.75,4140.75,4081.0,4118.25,inside_gap_down,4130.0,4088.25,4109.125,4106.75,4098.0,4067.0,4077.25,4073.5,4098.0,4068.0,4097.0,4067.0,False,False,True,False,False,False,True,False,True,False,False,0.4494928020409403,False,gap_0_to_0p5_pct
2023-01-06,4105.75,4077.25,4098.0,4067.0,4073.5,above_prior_range,4120.75,4063.5,4092.125,4090.5,4173.25,4073.5,4158.25,4160.75,4119.5,4073.5,4173.25,4108.5,True,True,False,True,True,True,False,True,False,False,False,0.699000551842541,True,gap_0p5_to_1_pct
2023-01-09,4184.0,,,,,incomplete,4185.75,4161.0,4173.375,4173.0,4217.75,4154.25,4158.0,4158.25,4202.0,4173.0,4217.75,4154.25,True,,True,True,True,,,True,True,False,False,,,
2023-01-10,4152.0,4158.0,4217.75,4154.25,4158.25,below_prior_range,4160.25,4136.0,4148.125,4150.5,4188.25,4141.75,4185.75,4163.5,4179.5,4149.25,4188.25,4141.75,True,True,False,True,True,False,True,True,True,False,False,0.1443001443001443,True,gap_0_to_0p5_pct
2023-01-11,4202.0,4185.75,4188.25,4141.75,4163.5,above_prior_range,4204.75,4179.0,4191.875,4200.0,4237.0,4193.25,4236.75,4234.25,4211.25,4197.5,4237.0,4193.25,True,False,False,False,True,False,False,True,True,True,False,0.3882219434987756,False,gap_0_to_0p5_pct
2023-01-12,4244.25,4236.75,4237.0,4193.25,4234.25,above_prior_range,4266.0,4198.5,4232.25,4232.0,4263.0,4201.75,4247.25,4247.25,4247.5,4201.75,4263.0,4221.0,True,True,False,True,False,True,False,True,False,False,False,0.17702248185519562,True,gap_0_to_0p5_pct
2023-01-13,4212.75,4247.25,4263.0,4201.75,4247.25,inside_gap_down,4252.75,4206.25,4229.5,4209.0,4268.75,4210.25,4263.5,4262.25,4243.25,4210.25,4268.75,4229.5,False,True,False,True,True,True,False,True,False,False,False,0.8122903054917888,True,gap_0p5_to_1_pct
2023-01-16,4259.25,,,,,incomplete,4272.75,4241.25,4257.0,4259.25,4265.0,4252.75,4254.25,4261.75,4264.5,4259.0,4265.0,4252.75,True,,False,True,False,,,True,True,False,False,,,
2023-01-17,4262.75,4254.25,4265.0,4252.75,4261.75,inside_gap_up,4266.0,4245.0,4255.5,4254.25,4279.75,4247.25,4253.5,4254.75,4279.75,4253.5,4275.75,4247.25,True,True,False,True,True,True,True,False,True,False,False,0.1998001998001998,True,gap_0_to_0p5_pct
2023-01-18,4266.5,4253.5,4279.75,4247.25,4254.75,inside_gap_up,4277.25,4240.75,4259.0,4258.25,4278.0,4188.25,4190.25,4191.25,4278.0,4260.25,4271.5,4188.25,True,True,True,True,True,False,True,False,True,False,True,0.3056306571059128,True,gap_0_to_0p5_pct
2023-01-19,4167.5,4190.25,4278.0,4188.25,4191.25,below_prior_range,4193.25,4151.25,4172.25,4162.5,4184.75,4146.25,4164.75,4161.25,4178.25,4157.5,4184.75,4146.25,True,False,True,True,False,False,False,True,True,False,False,0.5429270329932581,False,gap_0p5_to_1_pct
2023-01-20,4174.25,4164.75,4184.75,4146.25,4161.25,inside_gap_up,4177.5,4156.25,4166.875,4174.5,4235.0,4156.75,4232.5,4232.25,4184.0,4156.75,4235.0,4177.0,True,True,False,True,True,True,False,True,False,True,False,0.22810492826700282,True,gap_0_to_0p5_pct
2023-01-23,4241.0,,,,,incomplete,4244.5,4224.75,4234.625,4237.0,4301.25,4230.75,4281.5,4280.0,4269.0,4230.75,4301.25,4261.25,True,,False,True,True,,,True,False,False,False,,,
2023-01-24,4262.5,4281.5,4301.25,4230.75,4280.0,inside_gap_down,4286.0,4257.5,4271.75,4259.25,4292.0,4249.75,4283.25,4275.0,4275.25,4249.75,4292.0,4257.75,True,True,True,True,True,False,False,True,False,False,False,0.4437697068784305,True,gap_0_to_0p5_pct
2023-01-25,4232.0,4283.25,4292.0,4249.75,4275.0,below_prior_range,4285.0,4230.0,4257.5,4232.75,4284.0,4207.75,4274.0,4277.0,4239.0,4214.0,4284.0,4207.75,True,True,True,True,False,False,True,True,True,True,False,1.1965213330998659,True,gap_1_to_2_pct
2023-01-26,4303.5,4274.0,4284.0,4207.75,4277.0,above_prior_range,4308.0,4272.75,4290.375,4289.75,4321.5,4271.75,4312.25,4319.25,4312.75,4279.75,4321.5,4271.75,True,True,True,True,True,True,False,True,True,False,False,0.6902199344875994,True,gap_0p5_to_1_pct
2023-01-27,4308.25,4312.25,4321.5,4271.75,4319.25,inside_gap_down,4314.75,4301.75,4308.25,4304.75,4353.75,4306.25,4328.5,4328.5,4338.25,4306.25,4353.75,4307.5,False,True,False,True,True,True,False,True,False,False,False,0.09275900052176937,True,gap_0_to_0p5_pct
2023-01-30,4299.0,,,,,incomplete,4330.5,4284.5,4307.5,4297.5,4322.5,4274.0,4284.25,4277.75,4322.5,4297.5,4310.25,4274.0,True,,True,True,False,,,False,True,False,False,,,
2023-01-31,4281.25,4284.25,4322.5,4274.0,4277.75,inside_gap_down,4293.0,4252.0,4272.5,4283.0,4335.75,4277.75,4330.25,4334.75,4298.25,4277.75,4335.75,4294.75,True,True,False,False,True,True,False,True,False,True,False,0.07002392484098734,True,gap_0_to_0p5_pct
2023-02-01,4322.25,4330.25,4335.75,4277.75,4334.75,inside_gap_down,4330.5,4315.5,4323.0,4324.25,4407.75,4293.0,4387.0,4379.0,4334.25,4317.75,4407.75,4293.0,True,True,True,True,True,True,False,True,True,True,False,0.18474683909704984,True,gap_0_to_0p5_pct
2023-02-02,4418.25,4387.0,4407.75,4293.0,4379.0,above_prior_range,4420.75,4381.25,4401.0,4392.0,4453.0,4397.75,4409.25,4437.25,4420.5,4397.75,4453.0,4398.75,False,False,False,True,True,True,False,True,False,False,False,0.7123318896740369,False,gap_0p5_to_1_pct
2023-02-03,4385.0,4409.25,4453.0,4397.75,4437.25,below_prior_range,4422.25,4377.0,4399.625,4390.75,4438.5,4379.5,4390.5,4392.25,4428.5,4383.75,4438.5,4379.5,True,True,False,True,True,False,True,True,True,False,False,0.5499801553552192,True,gap_0p5_to_1_pct
2023-02-06,4365.75,,,,,incomplete,4387.5,4350.75,4369.125,4365.5,4381.0,4348.5,4367.75,4367.25,4376.75,4353.5,4381.0,4348.5,True,,True,True,False,,,True,True,False,False,,,
2023-02-07,4355.5,4367.75,4381.0,4348.5,4367.25,inside_gap_down,4380.75,4355.0,4367.875,4369.5,4432.75,4342.75,4410.75,4419.5,4363.0,4350.5,4432.75,4342.75,True,True,True,True,True,True,True,True,True,True,False,0.28046477019060156,True,gap_0_to_0p5_pct
2023-02-08,4398.25,4410.75,4432.75,4342.75,4419.5,inside_gap_down,4423.75,4395.75,4409.75,4399.5,4412.5,4365.75,4377.0,4373.75,4412.5,4394.25,4400.25,4365.75,True,False,True,True,False,False,False,False,True,False,True,0.2833985149917814,True,gap_0_to_0p5_pct
2023-02-09,4410.0,4377.0,4412.5,4365.75,4373.75,inside_gap_up,4414.75,4372.5,4393.625,4407.25,4411.25,4322.75,4342.25,4336.5,4411.25,4386.25,4397.75,4322.75,True,True,True,True,False,False,True,False,True,False,True,0.7539410555174777,True,gap_0p5_to_1_pct
2023-02-10,4323.0,4342.25,4411.25,4322.75,4336.5,inside_gap_down,4342.75,4305.25,4324.0,4317.0,4348.75,4314.25,4344.0,4344.5,4345.25,4314.25,4348.75,4316.75,True,True,False,True,True,False,True,True,False,False,False,0.44331855604813175,True,gap_0_to_0p5_pct
2023-02-13,4351.5,,,,,incomplete,4359.5,4323.25,4341.375,4349.25,4395.25,4346.0,4394.0,4392.75,4373.5,4346.0,4395.25,4370.75,True,,False,False,True,,,True,False,False,False,,,
2023-02-14,4376.0,4394.0,4395.25,4346.0,4392.75,inside_gap_down,4431.0,4374.75,4402.875,4383.0,4414.5,4348.25,4385.5,4390.75,4414.5,4358.5,4401.25,4348.25,True,True,True,True,False,True,False,False,True,False,False,0.40964952207555755,True,gap_0_to_0p5_pct
2023-02-15,4366.5,4385.5,4414.5,4348.25,4390.75,inside_gap_down,4386.75,4360.5,4373.625,4377.0,4406.25,4357.5,4404.0,4403.25,4379.25,4357.5,4406.25,4367.5,True,True,True,True,True,False,False,True,False,False,False,0.4332459240679512,True,gap_0_to_0p5_pct
2023-02-16,4348.25,4404.0,4406.25,4357.5,4403.25,below_prior_range,4413.0,4346.0,4379.5,4355.25,4390.0,4339.5,4340.25,4344.25,4367.25,4342.75,4390.0,4339.5,True,False,True,True,False,False,True,True,True,False,False,1.2658946412352408,False,gap_1_to_2_pct
2023-02-17,4320.75,4340.25,4390.0,4339.5,4344.25,below_prior_range,4340.5,4307.75,4324.125,4320.5,4335.0,4300.25,4330.25,4332.75,4330.25,4301.5,4335.0,4300.25,True,False,True,True,False,False,False,True,True,False,False,0.4492828754104027,False,gap_0_to_0p5_pct
2023-02-20,4325.75,,,,,incomplete,4333.75,4319.75,4326.75,4326.75,4326.25,4317.75,4320.25,4320.25,4326.25,4320.0,4323.25,4317.75,False,,True,False,False,,,False,True,False,False,,,
2023-02-21,4289.75,4320.25,4326.25,4317.75,4320.25,below_prior_range,4322.25,4288.75,4305.5,4295.0,4300.75,4246.5,4252.25,4250.75,4300.75,4274.0,4284.75,4246.5,True,False,True,False,False,False,False,False,True,False,False,0.7059776633296685,False,gap_0p5_to_1_pct
2023-02-22,4253.5,4252.25,4300.75,4246.5,4250.75,inside_gap_up,4265.25,4240.0,4252.625,4255.5,4269.5,4228.25,4253.0,4244.75,4263.0,4237.25,4269.5,4228.25,True,True,True,True,True,False,True,True,True,False,False,0.029396202010700215,True,gap_0_to_0p5_pct
2023-02-23,4273.0,4253.0,4269.5,4228.25,4244.75,above_prior_range,4273.5,4249.5,4261.5,4260.0,4278.75,4218.75,4259.75,4269.75,4278.75,4261.75,4273.0,4218.75,True,True,True,True,True,True,True,False,True,False,True,0.4702562896778745,True,gap_0_to_0p5_pct
2023-02-24,4209.75,4259.75,4278.75,4218.75,4269.75,below_prior_range,4267.75,4206.0,4236.875,4220.0,4228.5,4192.0,4219.0,4220.25,4220.5,4194.0,4228.5,4192.0,True,False,True,False,False,False,True,True,True,False,False,1.1737778038617288,False,gap_1_to_2_pct
2023-02-27,4254.75,,,,,incomplete,4259.0,4217.5,4238.25,4238.75,4269.25,4223.0,4236.0,4232.75,4269.25,4246.5,4265.0,4223.0,True,,False,True,True,,,False,True,False,False,,,
2023-02-28,4227.25,4236.0,4269.25,4223.0,4232.75,inside_gap_down,4248.25,4216.75,4232.5,4235.25,4248.0,4209.5,4214.0,4216.5,4238.0,4219.5,4248.0,4209.5,True,True,True,True,False,False,True,True,True,False,False,0.2065627950897073,True,gap_0_to_0p5_pct
2023-03-01,4208.25,4214.0,4248.0,4209.5,4216.5,below_prior_range,4235.5,4200.5,4218.0,4208.75,4221.0,4187.5,4205.5,4202.25,4221.0,4194.5,4218.5,4187.5,True,True,True,True,False,False,True,False,True,False,False,0.1364499288087328,True,gap_0_to_0p5_pct
2023-03-02,4179.5,4205.5,4221.0,4187.5,4202.25,below_prior_range,4210.0,4169.5,4189.75,4178.5,4239.75,4175.5,4227.5,4230.75,4193.75,4175.5,4239.75,4186.75,True,True,False,True,True,True,True,True,False,True,False,0.6182380216383307,True,gap_0p5_to_1_pct
2023-03-03,4249.5,4227.5,4239.75,4175.5,4230.75,above_prior_range,4255.5,4218.5,4237.0,4252.75,4297.5,4242.5,4297.0,4293.75,4266.5,4242.5,4297.5,4257.5,True,False,False,False,True,False,False,True,False,False,False,0.5204021289178001,False,gap_0p5_to_1_pct
2023-03-06,4302.25,,,,,incomplete,4308.5,4286.25,4297.375,4302.5,4327.0,4292.5,4298.25,4296.75,4322.75,4299.75,4327.0,4292.5,True,,False,True,True,,,True,True,False,False,,,
2023-03-07,4295.75,4298.25,4327.0,4292.5,4296.75,inside_gap_down,4309.0,4295.25,4302.125,4303.5,4298.5,4227.0,4234.25,4234.0,4298.5,4256.75,4284.0,4227.0,False,True,True,False,False,False,True,False,True,False,False,0.058163205955912296,True,gap_0_to_0p5_pct
2023-03-08,4234.75,4234.25,4298.5,4227.0,4234.0,inside_gap_up,4245.25,4226.75,4236.0,4234.25,4247.75,4216.0,4242.75,4239.0,4243.5,4218.75,4247.75,4216.0,True,True,True,True,True,False,True,True,True,False,False,0.011808466670602822,True,gap_0_to_0p5_pct
2023-03-09,4247.0,4242.75,4247.75,4216.0,4239.0,inside_gap_up,4252.5,4223.25,4237.875,4234.25,4264.25,4154.0,4163.5,4164.75,4264.25,4243.0,4260.25,4154.0,True,True,True,True,True,True,True,False,True,False,True,0.10017087973602026,True,gap_0_to_0p5_pct
2023-03-10,4158.0,4163.5,4264.25,4154.0,4164.75,inside_gap_down,4186.25,4128.75,4157.5,4175.75,4179.25,4090.75,4123.5,4107.0,4160.25,4123.0,4179.25,4090.75,True,True,True,True,False,False,True,True,True,False,False,0.13210039630118892,True,gap_0_to_0p5_pct
2023-03-13,4062.0,,,,,incomplete,4181.25,4049.0,4115.125,4105.75,4150.25,4050.5,4104.75,4098.75,4117.75,4050.5,4150.25,4083.5,True,,False,True,False,,,True,False,False,False,,,
2023-03-14,4153.0,4104.75,4150.25,4050.5,4098.75,above_prior_range,4153.75,4094.75,4124.25,4137.5,4182.25,4115.25,4164.75,4162.5,4170.25,4146.0,4182.25,4115.25,True,False,False,True,True,True,False,True,True,False,False,1.1754674462512942,False,gap_1_to_2_pct
2023-03-15,4100.5,4164.75,4182.25,4115.25,4162.5,below_prior_range,4173.75,4074.75,4124.25,4094.5,4141.0,4079.25,4135.25,4138.5,4119.5,4092.0,4141.0,4079.25,True,False,False,True,False,False,True,True,True,False,False,1.5427096464373613,False,gap_1_to_2_pct
2023-03-16,4110.75,4135.25,4141.0,4079.25,4138.5,inside_gap_down,4157.25,4106.25,4131.75,4113.0,4209.75,4104.75,4206.0,4204.5,4132.0,4104.75,4209.75,4118.0,True,True,True,True,True,True,False,True,False,True,False,0.5924672027084215,True,gap_0p5_to_1_pct
2023-03-17,4191.25,4206.0,4209.75,4104.75,4204.5,inside_gap_down,4219.0,4166.5,4192.75,4191.25,4202.25,4142.25,4157.5,4157.75,4202.25,4163.0,4175.5,4142.25,True,False,True,True,False,False,False,False,True,False,False,0.35068949120304327,False,gap_0_to_0p5_pct
2023-03-20,4164.25,,,,,incomplete,4188.0,4107.0,4147.5,4168.5,4199.25,4156.5,4197.25,4194.25,4183.75,4156.5,4199.25,4163.75,True,,False,False,True,,,True,False,False,False,,,
2023-03-21,4229.75,4197.25,4199.25,4156.5,4194.25,above_prior_range,4231.0,4191.5,4211.25,4227.5,4253.0,4213.25,4248.75,4248.25,4241.25,4218.0,4253.0,4213.25,True,False,False,False,True,False,False,True,True,False,False,0.7743165167669307,False,gap_0p5_to_1_pct
2023-03-22,4245.5,4248.75,4253.0,4213.25,4248.25,inside_gap_down,4251.5,4232.5,4242.0,4246.5,4283.5,4176.0,4181.5,4178.75,4257.0,4238.75,4283.5,4176.0,True,True,True,True,True,True,True,True,True,False,True,0.07649308620182407,True,gap_0_to_0p5_pct
2023-03-23,4206.25,4181.5,4283.5,4176.0,4178.75,inside_gap_up,4211.0,4180.5,4195.75,4199.0,4249.25,4158.25,4197.25,4185.5,4228.5,4204.75,4249.25,4158.25,True,True,True,True,True,False,True,True,True,False,True,0.5918928614133684,True,gap_0p5_to_1_pct
2023-03-24,4172.25,4197.25,4249.25,4158.25,4185.5,inside_gap_down,4208.0,4146.75,4177.375,4172.25,4220.5,4147.25,4220.25,4212.25,4180.25,4147.25,4220.5,4152.75,True,True,False,True,True,False,True,True,False,False,False,0.5956280898207159,True,gap_0p5_to_1_pct
2023-03-27,4235.75,,,,,incomplete,4243.5,4207.25,4225.375,4235.5,4244.0,4210.0,4224.75,4220.0,4244.0,4225.25,4237.5,4210.0,True,,False,True,True,,,False,True,False,False,,,
2023-03-28,4212.0,4224.75,4244.0,4210.0,4220.0,inside_gap_down,4233.5,4206.75,4220.125,4209.25,4219.25,4190.5,4216.25,4211.0,4219.25,4203.75,4217.25,4190.5,True,False,True,False,False,False,True,False,True,False,False,0.30179300550328425,False,gap_0_to_0p5_pct
2023-03-29,4254.25,4216.25,4219.25,4190.5,4211.0,above_prior_range,4255.25,4215.75,4235.5,4242.5,4271.0,4241.75,4267.75,4268.5,4257.5,4247.25,4271.0,4241.75,True,False,False,False,True,False,False,True,True,False,False,0.9012748295286095,False,gap_0p5_to_1_pct
2023-03-30,4294.75,4267.75,4271.0,4241.75,4268.5,above_prior_range,4296.5,4262.25,4279.375,4290.25,4297.5,4271.0,4292.75,4290.5,4297.5,4281.75,4295.75,4271.0,True,False,False,True,True,True,False,False,True,False,False,0.6326518657372151,False,gap_0p5_to_1_pct
2023-03-31,4300.0,4292.75,4297.5,4271.0,4290.5,above_prior_range,4308.25,4287.75,4298.0,4300.5,4352.25,4298.25,4349.25,4347.75,4313.75,4298.25,4352.25,4309.25,True,False,False,False,True,False,False,True,False,True,False,0.16888940655756798,False,gap_0_to_0p5_pct
2023-04-03,4342.25,,,,,incomplete,4347.25,4332.5,4339.875,4342.75,4367.5,4337.5,4363.25,4363.25,4367.0,4341.5,4367.5,4337.5,True,,False,True,True,,,True,True,False,False,,,
2023-04-04,4370.0,4363.25,4367.5,4337.5,4363.25,above_prior_range,4381.5,4357.25,4369.375,4359.75,4373.0,4325.0,4342.75,4340.0,4373.0,4353.25,4364.0,4325.0,True,True,True,True,False,True,True,False,True,False,False,0.15470119750186215,True,gap_0_to_0p5_pct
2023-04-05,4329.75,4342.75,4373.0,4325.0,4340.0,inside_gap_down,4345.25,4326.75,4336.0,4330.25,4337.5,4308.75,4324.25,4327.0,4337.5,4322.25,4329.25,4308.75,True,False,True,True,False,False,True,False,True,False,False,0.299349490530194,False,gap_0_to_0p5_pct
2023-04-06,4317.5,4324.25,4337.5,4308.75,4327.0,inside_gap_down,4333.25,4315.0,4324.125,4322.5,4345.0,4306.25,4340.5,4341.25,4322.75,4306.25,4345.0,4310.75,True,True,True,True,True,True,True,True,False,False,False,0.1560964329074406,True,gap_0_to_0p5_pct
2023-04-10,4315.5,,,,,incomplete,4352.75,4312.5,4332.625,4317.5,4351.0,4308.5,4349.0,4347.25,4320.75,4308.5,4351.0,4312.0,True,,True,True,False,,,True,False,True,False,,,
2023-04-11,4352.0,4349.0,4351.0,4308.5,4347.25,above_prior_range,4358.75,4342.5,4350.625,4350.5,4361.5,4338.5,4348.0,4347.5,4352.5,4342.75,4361.5,4338.5,True,True,True,True,True,True,False,True,True,False,False,0.06898137502874224,True,gap_0_to_0p5_pct
2023-04-12,4368.0,4348.0,4361.5,4338.5,4347.5,above_prior_range,4387.5,4343.5,4365.5,4373.25,4370.75,4323.25,4327.0,4330.5,4370.75,4350.5,4366.75,4323.25,False,True,True,True,False,True,True,False,True,False,False,0.45998160073597055,True,gap_0_to_0p5_pct
2023-04-13,4340.0,4327.0,4370.75,4323.25,4330.5,inside_gap_up,4347.5,4320.0,4333.75,4338.75,4386.75,4334.25,4378.5,4383.0,4356.25,4334.25,4386.75,4348.5,True,False,False,False,True,True,False,True,False,False,False,0.30043910330483015,False,gap_0_to_0p5_pct
2023-04-14,4376.0,4378.5,4386.75,4334.25,4383.0,inside_gap_down,4387.25,4371.5,4379.375,4380.75,4398.75,4347.75,4381.5,4373.0,4398.75,4369.0,4385.0,4347.75,True,True,True,True,True,True,False,False,True,False,False,0.05709717939933768,True,gap_0_to_0p5_pct
2023-04-17,4370.75,,,,,incomplete,4385.75,4369.0,4377.375,4381.75,4390.25,4357.75,4386.5,4387.0,4379.25,4369.25,4390.25,4357.75,True,,True,True,True,,,True,True,False,False,,,
2023-04-18,4403.25,4386.5,4390.25,4357.75,4387.0,above_prior_range,4408.0,4381.75,4394.875,4403.75,4404.5,4374.25,4388.75,4389.25,4404.5,4380.25,4392.75,4374.25,True,True,True,True,False,True,False,False,True,False,False,0.3818534138835062,True,gap_0_to_0p5_pct
2023-04-19,4368.25,4388.75,4404.5,4374.25,4389.25,below_prior_range,4388.25,4360.25,4374.25,4367.5,4397.25,4367.5,4383.25,4370.25,4376.75,4367.5,4397.25,4374.5,True,True,False,True,True,False,True,True,False,True,False,0.46710338934776413,True,gap_0_to_0p5_pct
2023-04-20,4356.0,4383.25,4397.25,4367.5,4370.25,below_prior_range,4383.25,4352.75,4368.0,4357.25,4381.5,4346.75,4363.5,4363.25,4369.25,4354.75,4381.5,4346.75,True,True,True,True,False,False,True,True,True,False,False,0.6216848229053784,False,gap_0p5_to_1_pct
2023-04-21,4365.5,4363.5,4381.5,4346.75,4363.25,inside_gap_up,4368.75,4349.75,4359.25,4365.5,4370.75,4345.0,4363.0,4364.25,4368.0,4347.5,4370.75,4345.0,True,True,True,True,True,False,True,True,True,False,False,0.04583476566976052,True,gap_0_to_0p5_pct
2023-04-24,4363.25,,,,,incomplete,4367.0,4343.25,4355.125,4364.5,4374.0,4348.75,4367.25,4370.25,4373.75,4362.5,4374.0,4348.75,True,,False,True,True,,,True,True,False,False,,,
2023-04-25,4348.25,4367.25,4374.0,4348.75,4370.25,below_prior_range,4368.25,4339.75,4354.0,4348.25,4354.0,4301.25,4319.0,4303.25,4354.0,4336.25,4346.25,4301.25,True,False,True,True,False,False,True,False,True,False,True,0.4350563855973439,False,gap_0_to_0p5_pct
2023-04-26,4308.5,4319.0,4354.0,4301.25,4303.25,inside_gap_down,4326.0,4299.0,4312.5,4309.75,4319.5,4278.5,4295.25,4284.5,4314.0,4291.0,4319.5,4278.5,True,True,True,True,False,False,True,True,True,False,False,0.24311183144246357,True,gap_0_to_0p5_pct
2023-04-27,4309.5,4295.25,4319.5,4278.5,4284.5,inside_gap_up,4315.5,4290.5,4303.0,4306.0,4376.25,4307.0,4367.75,4363.75,4324.75,4307.0,4376.25,4314.0,False,False,False,False,True,True,False,True,False,True,False,0.3317618299284093,False,gap_0_to_0p5_pct
2023-04-28,4354.25,4367.75,4376.25,4307.0,4363.75,inside_gap_down,4365.25,4341.25,4353.25,4350.75,4403.5,4353.5,4400.5,4399.25,4388.0,4353.5,4403.5,4362.5,False,True,False,False,True,True,False,True,False,False,False,0.3090836242916834,True,gap_0_to_0p5_pct
2023-05-01,4394.0,,,,,incomplete,4405.75,4390.75,4398.25,4394.0,4416.0,4388.25,4389.25,4394.5,4407.5,4393.75,4416.0,4388.25,True,,True,True,True,,,True,True,False,False,,,
2023-05-02,4386.75,4389.25,4416.0,4388.25,4394.5,below_prior_range,4401.25,4383.75,4392.5,4386.5,4387.0,4315.25,4343.0,4347.0,4387.0,4343.75,4353.75,4315.25,True,False,True,False,False,False,False,False,True,False,False,0.05695733895312411,False,gap_0_to_0p5_pct
2023-05-03,4351.25,4343.0,4387.0,4315.25,4347.0,inside_gap_up,4359.25,4341.5,4350.375,4352.5,4376.75,4304.75,4306.0,4317.25,4364.25,4349.75,4376.75,4304.75,True,True,True,True,True,False,True,True,True,False,True,0.18996085655077136,True,gap_0_to_0p5_pct
2023-05-04,4305.0,4306.0,4376.75,4304.75,4317.25,inside_gap_down,4327.75,4285.25,4306.5,4306.25,4308.0,4272.0,4284.25,4287.0,4308.0,4274.75,4306.75,4272.0,True,False,True,True,False,False,True,False,True,False,False,0.023223409196470042,True,gap_0_to_0p5_pct
2023-05-05,4324.25,4284.25,4308.0,4272.0,4287.0,above_prior_range,4324.75,4286.5,4305.625,4306.5,4373.0,4321.25,4358.75,4361.5,4346.5,4321.25,4373.0,4337.0,False,False,False,False,True,False,False,True,False,False,False,0.9336523312131645,False,gap_0p5_to_1_pct
